{
  "hash": "1395ea66",
  "configHash": "d62a2557",
  "lockfileHash": "2baee0b5",
  "browserHash": "9713b730",
  "optimized": {
    "@angular/common": {
      "src": "../../../../../../node_modules/@angular/common/fesm2022/common.mjs",
      "file": "@angular_common.js",
      "fileHash": "76c88c06",
      "needsInterop": false
    },
    "@angular/common/http": {
      "src": "../../../../../../node_modules/@angular/common/fesm2022/http.mjs",
      "file": "@angular_common_http.js",
      "fileHash": "72f58f5d",
      "needsInterop": false
    },
    "@angular/core": {
      "src": "../../../../../../node_modules/@angular/core/fesm2022/core.mjs",
      "file": "@angular_core.js",
      "fileHash": "2fb9ddb4",
      "needsInterop": false
    },
    "@angular/forms": {
      "src": "../../../../../../node_modules/@angular/forms/fesm2022/forms.mjs",
      "file": "@angular_forms.js",
      "fileHash": "c8dabf84",
      "needsInterop": false
    },
    "@angular/platform-browser": {
      "src": "../../../../../../node_modules/@angular/platform-browser/fesm2022/platform-browser.mjs",
      "file": "@angular_platform-browser.js",
      "fileHash": "807ecc8c",
      "needsInterop": false
    },
    "@angular/router": {
      "src": "../../../../../../node_modules/@angular/router/fesm2022/router.mjs",
      "file": "@angular_router.js",
      "fileHash": "61c80eca",
      "needsInterop": false
    },
    "rxjs/operators": {
      "src": "../../../../../../node_modules/rxjs/dist/esm5/operators/index.js",
      "file": "rxjs_operators.js",
      "fileHash": "31ba1b1c",
      "needsInterop": false
    }
  },
  "chunks": {
    "chunk-LDUPBB3R": {
      "file": "chunk-LDUPBB3R.js"
    },
    "chunk-L2FIIDV4": {
      "file": "chunk-L2FIIDV4.js"
    },
    "chunk-JZSIKBKI": {
      "file": "chunk-JZSIKBKI.js"
    },
    "chunk-RI43AABD": {
      "file": "chunk-RI43AABD.js"
    },
    "chunk-AUEP7KBS": {
      "file": "chunk-AUEP7KBS.js"
    },
    "chunk-P4QM523C": {
      "file": "chunk-P4QM523C.js"
    }
  }
}